_id,avg_pm10
Santiago,66.96317507418398
Rotterdam,20.801262843024446
