_id,avg_pm10
Rotterdam,20.801262843024446
Santiago,66.96317507418398
