_id,avg_pm10
100 ail,1076.026
MNB,817.5933333333334
Baruun 4 zam,606.141
Amgalan,514.4295246038365
"Delhi Technological University, Delhi - CPCB",273.69
Nisekh,241.81465880370683
Bukhiin urguu,212.02416666666667
"R K Puram, Delhi - DPCC",199.94113183333334
Konarskiego,160.16583333333332
"Punjabi Bagh, Delhi - DPCC",152.53340822222222
