city,avg_value
Santiago,66.96317507418401
Rotterdam,20.801262843024467
