city,avg_value
Rotterdam,20.801262843024467
Santiago,66.96317507418401
