month,avg_value
1,279.8416487279203
2,192.74358871212945
4,69.59371428571427
5,55.37184210526313
6,59.419999999999995
7,55.57382352941175
8,0.0
10,24.479721115537835
11,90.65547140649156
12,12.899451219512182
